{"cameraMode":{"drawMode":0,"name":"Shaded","section":"Shading Mode"},"sceneLighting":true,"audioPlay":false,"sceneViewState":{"m_AlwaysRefresh":false,"showFog":true,"showSkybox":true,"showFlares":true,"showImageEffects":true,"showParticleSystems":true,"showVisualEffectGraphs":true,"m_FxEnabled":true},"in2DMode":false,"pivot":{"x":2.9232242107391359,"y":-17.756717681884767,"z":11.415731430053711},"rotation":{"x":0.38299158215522768,"y":0.07745671272277832,"z":-0.03224717825651169,"w":0.9199339151382446},"size":25.24197006225586,"orthographic":false}