{"cameraMode":{"drawMode":0,"name":"Shaded","section":"Shading Mode"},"sceneLighting":false,"audioPlay":false,"sceneViewState":{"m_AlwaysRefresh":false,"showFog":true,"showSkybox":false,"showFlares":true,"showImageEffects":true,"showParticleSystems":true,"showVisualEffectGraphs":true,"m_FxEnabled":true},"in2DMode":false,"pivot":{"x":-0.03303956985473633,"y":1.3612289428710938,"z":-0.18089771270751954},"rotation":{"x":0.3315257728099823,"y":-0.04949939250946045,"z":0.017412979155778886,"w":0.9420075416564941},"size":5.250581741333008,"orthographic":true}