{"cameraMode":{"drawMode":0,"name":"Shaded","section":"Shading Mode"},"sceneLighting":true,"audioPlay":false,"sceneViewState":{"m_AlwaysRefresh":false,"showFog":true,"showSkybox":false,"showFlares":true,"showImageEffects":true,"showParticleSystems":true,"showVisualEffectGraphs":true,"m_FxEnabled":true},"in2DMode":false,"pivot":{"x":-0.05818909406661987,"y":1.2799999713897706,"z":-2.4000000953674318},"rotation":{"x":0.5209100246429443,"y":0.09686773270368576,"z":-0.059645455330610278,"w":0.8460181951522827},"size":0.7144709229469299,"orthographic":false}